timestamp,source_ip,destination_ip,protocol,port,action,label,bytes_sent,bytes_received,message,connection_status
2023-01-01 00:00:23,192.168.0.8,10.0.2.2,UDP,53.0,ALLOW,Normal,0,0,,
2023-01-01 00:01:45,192.168.0.86,10.0.1.1,TCP,80.0,ALLOW,Normal,0,0,,
2023-01-01 00:00:33,192.168.538.60,10.0.2.0,UDP,53891.0,ALLOW,Normal,0,0,,
2023-01-01 00:03:05,192.168.0.4,10.0.1.1,UDP,53.0,ALLOW,Normal,0,0,,
2023-01-01 00:00:23,192.168.0.68,10.0.1.1,UDP,53.0,ALLOW,Normal,0,0,,
2023-01-01 22:30:16,192.168.0.7,10.0.2.2,UDP,53.0,ALLOW,Normal,0,0,,
2023-01-01 00:09:16,192.168.4.42,10.0.13.11,TCP,443.0,ALLOW,Normal,0,0,,
2023-01-01 00:00:00,192.168.0.35,10.0.2.2,UDP,53.0,ALLOW,Normal,0,0,,
2023-01-02 08:04:50,192.168.4.18,10.0.20.16,TCP,443.0,ALLOW,Normal,0,0,,
2023-01-01 00:00:00,192.168.0.18,10.0.2.2,UDP,53.0,ALLOW,Normal,0,0,,
2023-01-01 17:42:36,192.168.4.49,10.0.31.47,TCP,443.0,ALLOW,Normal,0,0,,
2023-01-01 00:00:49,192.168.0.79,10.0.1.1,UDP,53.0,ALLOW,Normal,0,0,,
2023-01-01 00:00:00,192.168.0.62,10.0.2.2,UDP,53.0,ALLOW,Normal,0,0,,
2023-01-01 00:00:47,192.168.0.39,10.0.2.2,UDP,53.0,ALLOW,Normal,0,0,,
2023-01-01 00:00:00,192.168.0.41,10.0.2.2,UDP,53.0,ALLOW,Normal,0,0,,
2023-01-02 07:29:44,192.168.0.52,10.0.17.15,TCP,80.0,ALLOW,Normal,0,0,,
2023-01-01 00:01:20,192.168.0.69,10.0.1.1,UDP,53.0,ALLOW,Normal,0,0,,
2023-01-01 00:03:35,192.168.0.16,10.0.4.4,TCP,80.0,ALLOW,Normal,0,0,,
2023-01-01 00:00:00,192.168.607.46,10.0.1.1,UDP,60770.0,ALLOW,Normal,0,0,,
2023-01-01 00:00:00,192.168.4.91,10.0.2.0,TCP,443.0,ALLOW,Normal,0,0,,
2023-01-01 00:00:00,192.168.30.3,10.0.2.0,UDP,3089.0,ALLOW,Normal,0,0,,
2023-01-01 00:01:10,192.168.0.73,10.0.1.1,UDP,53.0,ALLOW,Normal,0,0,,
2023-01-01 17:47:53,192.168.4.75,10.0.2.0,TCP,443.0,ALLOW,Normal,0,0,,
2023-01-01 00:00:00,192.168.505.53,10.0.1.1,UDP,50563.0,ALLOW,Normal,0,0,,
2023-01-01 00:00:30,192.168.0.33,10.0.1.1,UDP,53.0,ALLOW,Normal,0,0,,
2023-01-01 00:00:00,192.168.0.11,10.0.2.2,UDP,53.0,ALLOW,Normal,0,0,,
2023-01-01 00:00:42,192.168.38.26,10.0.2.0,UDP,3823.0,ALLOW,Normal,0,0,,
2023-01-01 00:04:00,192.168.4.30,10.0.18.13,TCP,443.0,ALLOW,Normal,0,0,,
2023-01-01 00:00:00,192.168.482.52,10.0.1.1,UDP,48241.0,ALLOW,Normal,0,0,,
2023-01-01 00:01:01,192.168.0.67,10.0.2.2,UDP,53.0,ALLOW,Normal,0,0,,
2023-01-01 00:00:00,192.168.17.2,10.0.3.0,UDP,1728.0,ALLOW,Normal,0,0,,
2023-01-01 00:00:01,192.168.4.13,10.0.3.0,TCP,443.0,ALLOW,Normal,0,0,,
2023-01-01 00:01:00,192.168.0.23,10.0.2.2,UDP,53.0,ALLOW,Normal,0,0,,
2023-01-01 00:00:00,192.168.0.46,10.0.2.2,UDP,53.0,ALLOW,Normal,0,0,,
2023-01-01 00:00:02,192.168.4.82,10.0.2.0,TCP,443.0,ALLOW,Normal,0,0,,
2023-01-01 00:00:36,192.168.1.9,10.0.1.1,UDP,123.0,ALLOW,Normal,0,0,,
2023-01-01 00:00:00,192.168.0.5,10.0.2.2,UDP,53.0,ALLOW,Normal,0,0,,
2023-01-01 00:00:45,192.168.530.54,10.0.3.1,UDP,53058.0,ALLOW,Normal,0,0,,
2023-01-02 08:01:42,192.168.4.47,10.0.22.19,TCP,443.0,ALLOW,Normal,0,0,,
2023-01-01 00:00:00,192.168.0.0,10.0.2.2,UDP,53.0,ALLOW,Normal,0,0,,
2023-01-01 00:02:57,192.168.0.82,10.0.1.1,UDP,53.0,ALLOW,Normal,0,0,,
2023-01-01 00:01:27,192.168.0.72,10.0.2.2,UDP,53.0,ALLOW,Normal,0,0,,
2023-01-01 00:00:00,192.168.0.65,10.0.2.2,UDP,53.0,ALLOW,Normal,0,0,,
2023-01-01 00:00:00,192.168.0.95,10.0.2.2,UDP,53.0,ALLOW,Normal,0,0,,
2023-01-01 00:00:00,192.168.0.85,10.0.2.2,UDP,53.0,ALLOW,Normal,0,0,,
2023-01-01 00:00:00,192.168.1.35,10.0.3.1,UDP,139.0,ALLOW,Normal,0,0,,
2023-01-01 00:00:00,192.168.41.22,10.0.1.1,UDP,4172.0,ALLOW,Normal,0,0,,
2023-01-01 13:41:05,192.168.0.43,10.0.8.10,TCP,80.0,ALLOW,Normal,0,0,,
2023-01-01 00:00:00,192.168.0.52,10.0.2.2,UDP,53.0,ALLOW,Normal,0,0,,
2023-01-01 00:00:30,192.168.0.34,10.0.1.1,UDP,53.0,ALLOW,Normal,0,0,,
2023-01-01 00:01:59,192.168.0.96,10.0.4.2,UDP,53.0,ALLOW,Normal,0,0,,
2023-01-01 00:00:48,192.168.0.21,10.0.2.2,UDP,53.0,ALLOW,Normal,0,0,,
2023-01-02 08:45:03,192.168.4.94,10.0.15.15,TCP,443.0,ALLOW,Normal,0,0,,
2023-01-01 00:12:58,192.168.4.26,10.0.6.6,TCP,443.0,ALLOW,Normal,0,0,,
2023-01-01 00:01:31,192.168.0.95,10.0.1.1,UDP,53.0,ALLOW,Normal,0,0,,
2023-01-01 00:00:31,192.168.4.85,10.0.1.1,TCP,443.0,ALLOW,Normal,0,0,,
2023-01-01 00:00:00,192.168.0.70,10.0.2.2,UDP,53.0,ALLOW,Normal,0,0,,
2023-01-01 00:00:00,192.168.51.63,10.0.1.1,UDP,5149.0,ALLOW,Normal,0,0,,
2023-01-01 00:00:12,192.168.0.77,10.0.2.2,UDP,53.0,ALLOW,Normal,0,0,,
2023-01-01 00:00:00,192.168.593.84,10.0.1.1,UDP,59377.0,ALLOW,Normal,0,0,,
2023-01-02 08:14:39,192.168.0.32,10.0.17.15,TCP,80.0,ALLOW,Normal,0,0,,
2023-01-01 00:01:06,192.168.0.30,10.0.3.4,TCP,80.0,ALLOW,Normal,0,0,,
2023-01-01 00:00:00,192.168.511.79,10.0.1.1,UDP,51166.0,ALLOW,Normal,0,0,,
2023-01-02 08:31:54,192.168.4.17,10.0.6.49,TCP,443.0,ALLOW,Normal,0,0,,
2023-01-01 00:00:02,192.168.506.46,10.0.3.1,UDP,50659.0,ALLOW,Normal,0,0,,
2023-01-01 00:00:23,192.168.0.88,10.0.1.1,UDP,53.0,ALLOW,Normal,0,0,,
2023-01-01 00:00:00,192.168.354.3,10.0.2.0,UDP,35451.0,ALLOW,Normal,0,0,,
2023-01-01 00:00:48,192.168.0.78,10.0.1.1,UDP,53.0,ALLOW,Normal,0,0,,
2023-01-01 00:00:23,192.168.0.47,10.0.2.2,UDP,53.0,ALLOW,Normal,0,0,,
2023-01-01 00:00:00,192.168.28.3,10.0.1.1,UDP,2875.0,DENY,Normal,0,0,,
2023-01-01 00:00:24,192.168.0.7,10.0.1.1,TCP,80.0,ALLOW,Normal,0,0,,
2023-01-01 00:00:00,192.168.0.99,10.0.2.2,UDP,53.0,ALLOW,Normal,0,0,,
2023-01-01 00:00:02,192.168.4.98,10.0.3.0,TCP,443.0,ALLOW,Normal,0,0,,
2023-01-01 00:00:23,192.168.0.57,10.0.1.1,UDP,53.0,ALLOW,Normal,0,0,,
2023-01-01 01:18:00,192.168.4.83,10.0.11.11,TCP,443.0,ALLOW,Normal,0,0,,
2023-01-01 00:02:04,192.168.4.56,10.0.8.5,TCP,443.0,ALLOW,Normal,0,0,,
2023-01-01 00:00:00,192.168.0.92,10.0.2.2,UDP,53.0,ALLOW,Normal,0,0,,
2023-01-01 00:00:00,192.168.533.18,10.0.1.1,UDP,53343.0,ALLOW,Normal,0,0,,
2023-01-01 00:16:33,192.168.80.0,10.0.3.3,UDP,8080.0,DENY,Normal,0,0,,
2023-01-01 00:00:00,192.168.0.10,10.0.2.2,UDP,53.0,ALLOW,Normal,0,0,,
2023-01-02 08:17:19,192.168.4.48,10.0.24.23,TCP,443.0,ALLOW,Normal,0,0,,
2023-01-01 00:00:00,192.168.0.58,10.0.2.2,UDP,53.0,ALLOW,Normal,0,0,,
2023-01-01 00:00:00,192.168.0.75,10.0.1.1,UDP,53.0,ALLOW,Normal,0,0,,
2023-01-01 00:00:47,192.168.0.86,10.0.2.2,UDP,53.0,ALLOW,Normal,0,0,,
2023-01-01 00:00:00,192.168.0.55,10.0.2.2,UDP,53.0,ALLOW,Normal,0,0,,
2023-01-01 00:00:23,192.168.0.5,10.0.1.1,UDP,53.0,ALLOW,Normal,0,0,,
2023-01-01 00:00:00,192.168.0.59,10.0.2.2,UDP,53.0,ALLOW,Normal,0,0,,
2023-01-01 00:14:23,192.168.4.79,10.0.18.11,TCP,443.0,ALLOW,Normal,0,0,,
2023-01-01 00:01:36,192.168.4.75,10.0.8.4,TCP,443.0,ALLOW,Normal,0,0,,
2023-01-01 00:03:17,192.168.0.26,10.0.1.1,UDP,53.0,ALLOW,Normal,0,0,,
2023-01-01 00:00:32,192.168.0.98,10.0.2.2,UDP,53.0,ALLOW,Normal,0,0,,
2023-01-01 00:01:05,192.168.0.15,10.0.4.2,UDP,53.0,ALLOW,Normal,0,0,,
2023-01-01 00:00:00,192.168.0.67,10.0.2.2,UDP,53.0,ALLOW,Normal,0,0,,
2023-01-01 00:00:00,192.168.567.19,10.0.1.1,UDP,56762.0,ALLOW,Normal,0,0,,
2023-01-01 00:07:12,192.168.4.15,10.0.8.10,TCP,443.0,ALLOW,Normal,0,0,,
2023-01-01 00:00:00,192.168.0.74,10.0.1.1,UDP,53.0,ALLOW,Normal,0,0,,
2023-01-01 00:00:41,192.168.1.61,10.0.1.1,UDP,123.0,ALLOW,Normal,0,0,,
2023-01-02 08:29:49,192.168.4.63,10.0.30.28,TCP,443.0,ALLOW,Normal,0,0,,
2023-01-01 00:00:00,192.168.0.74,10.0.2.2,UDP,53.0,ALLOW,Normal,0,0,,
2023-01-01 00:02:41,192.168.0.59,10.0.1.1,TCP,80.0,ALLOW,Normal,0,0,,
2023-01-01 00:00:44,192.168.515.47,10.0.2.3,UDP,51584.0,ALLOW,Normal,0,0,,
2023-01-01 00:02:59,192.168.0.23,10.0.1.1,UDP,53.0,ALLOW,Normal,0,0,,
2023-01-01 00:00:51,192.168.0.67,10.0.2.2,UDP,53.0,ALLOW,Normal,0,0,,
2023-01-01 00:01:36,192.168.0.85,10.0.2.2,UDP,53.0,ALLOW,Normal,0,0,,
2023-01-01 00:00:00,192.168.513.59,10.0.1.1,UDP,51346.0,ALLOW,Normal,0,0,,
2023-01-01 00:02:10,192.168.4.3,10.0.7.5,TCP,443.0,ALLOW,Normal,0,0,,
2023-01-02 08:03:34,192.168.4.66,10.0.36.35,TCP,443.0,ALLOW,Normal,0,0,,
2023-01-01 00:00:34,192.168.1.74,10.0.1.1,UDP,123.0,ALLOW,Normal,0,0,,
2023-01-01 01:40:08,192.168.4.91,10.0.8.5,TCP,443.0,ALLOW,Normal,0,0,,
2023-01-01 00:00:00,192.168.535.75,10.0.1.1,UDP,53586.0,ALLOW,Normal,0,0,,
2023-01-01 00:00:00,192.168.4.4,10.0.2.0,TCP,443.0,ALLOW,Normal,0,0,,
2023-01-01 00:00:00,192.168.514.62,10.0.1.1,UDP,51491.0,ALLOW,Normal,0,0,,
2023-01-01 00:00:30,192.168.0.28,10.0.2.2,UDP,53.0,ALLOW,Normal,0,0,,
2023-01-01 00:00:00,192.168.0.19,10.0.2.2,UDP,53.0,ALLOW,Normal,0,0,,
2023-01-02 08:05:43,192.168.0.95,10.0.16.13,TCP,80.0,ALLOW,Normal,0,0,,
2023-01-01 00:00:00,192.168.366.53,10.0.1.1,UDP,36628.0,ALLOW,Normal,0,0,,
2023-01-01 00:01:13,192.168.4.86,10.0.2.1,TCP,443.0,ALLOW,Normal,0,0,,
2023-01-01 01:34:52,192.168.0.84,10.0.3.1,TCP,80.0,ALLOW,Normal,0,0,,
2023-01-01 00:00:00,192.168.512.50,10.0.2.0,UDP,51243.0,ALLOW,Normal,0,0,,
2023-01-01 00:00:04,192.168.513.9,10.0.2.1,UDP,51389.0,ALLOW,Normal,0,0,,
2023-01-01 00:00:23,192.168.0.87,10.0.2.2,UDP,53.0,ALLOW,Normal,0,0,,
2023-01-01 01:16:01,192.168.4.20,10.0.5.1,TCP,443.0,ALLOW,Normal,0,0,,
2023-01-01 00:00:00,192.168.477.3,10.0.2.0,UDP,47717.0,ALLOW,Normal,0,0,,
2023-01-01 00:00:01,192.168.512.99,10.0.2.0,UDP,51263.0,ALLOW,Normal,0,0,,
2023-01-01 00:00:00,192.168.0.44,10.0.2.0,TCP,80.0,ALLOW,Normal,0,0,,
2023-01-01 00:00:00,192.168.0.74,10.0.2.2,UDP,53.0,ALLOW,Normal,0,0,,
2023-01-01 16:03:20,192.168.0.31,10.0.2.2,UDP,53.0,ALLOW,Normal,0,0,,
2023-01-02 08:45:59,192.168.0.4,10.0.17.15,TCP,80.0,ALLOW,Normal,0,0,,
2023-01-01 00:18:04,192.168.4.15,10.0.3.3,TCP,443.0,ALLOW,Normal,0,0,,
2023-01-01 01:22:46,192.168.4.52,10.0.3.1,TCP,443.0,ALLOW,Normal,0,0,,
2023-01-01 00:00:00,192.168.0.38,10.0.2.2,UDP,53.0,ALLOW,Normal,0,0,,
2023-01-02 07:33:33,192.168.0.92,10.0.15.16,TCP,80.0,ALLOW,Normal,0,0,,
2023-01-01 00:00:00,192.168.339.48,10.0.1.2,UDP,33952.0,ALLOW,Normal,0,0,,
2023-01-01 00:00:00,192.168.0.70,10.0.2.2,UDP,53.0,ALLOW,Normal,0,0,,
2023-01-01 00:00:00,192.168.0.4,10.0.2.2,UDP,53.0,ALLOW,Normal,0,0,,
2023-01-01 00:00:40,192.168.0.20,10.0.1.1,UDP,53.0,ALLOW,Normal,0,0,,
2023-01-01 00:01:21,192.168.1.91,10.0.1.1,UDP,123.0,ALLOW,Normal,0,0,,
2023-01-01 00:00:00,192.168.0.45,10.0.2.2,UDP,53.0,ALLOW,Normal,0,0,,
2023-01-01 00:00:00,192.168.0.18,10.0.2.2,UDP,53.0,ALLOW,Normal,0,0,,
2023-01-01 00:00:00,192.168.0.71,10.0.2.2,UDP,53.0,ALLOW,Normal,0,0,,
2023-01-01 00:00:00,192.168.4.4,10.0.1.1,TCP,443.0,ALLOW,Normal,0,0,,
2023-01-01 00:00:00,192.168.0.87,10.0.2.0,TCP,80.0,ALLOW,Normal,0,0,,
2023-01-02 08:01:28,192.168.4.60,10.0.23.19,TCP,443.0,ALLOW,Normal,0,0,,
2023-01-01 00:00:00,192.168.436.12,10.0.2.0,UDP,43650.0,ALLOW,Normal,0,0,,
2023-01-01 06:16:19,192.168.4.96,10.0.11.16,TCP,443.0,ALLOW,Normal,0,0,,
2023-01-01 00:01:02,192.168.0.18,10.0.2.2,UDP,53.0,ALLOW,Normal,0,0,,
2023-01-01 00:00:00,192.168.0.82,10.0.1.1,UDP,53.0,ALLOW,Normal,0,0,,
2023-01-01 01:51:57,192.168.4.74,10.0.11.14,TCP,443.0,ALLOW,Normal,0,0,,
2023-01-01 00:00:00,192.168.0.58,10.0.1.2,UDP,21.0,ALLOW,Normal,0,0,,
2023-01-01 00:00:00,192.168.0.17,10.0.1.1,UDP,53.0,ALLOW,Normal,0,0,,
2023-01-01 00:00:00,192.168.485.42,10.0.1.1,UDP,48544.0,ALLOW,Normal,0,0,,
2023-01-01 00:00:13,192.168.0.63,10.0.2.2,UDP,53.0,ALLOW,Normal,0,0,,
2023-01-01 00:00:00,192.168.0.77,10.0.1.1,UDP,53.0,ALLOW,Normal,0,0,,
2023-01-01 00:00:00,192.168.508.66,10.0.2.1,UDP,50857.0,ALLOW,Normal,0,0,,
2023-01-01 00:00:59,192.168.0.98,10.0.2.2,UDP,53.0,ALLOW,Normal,0,0,,
2023-01-01 00:01:46,192.168.0.75,10.0.1.1,TCP,80.0,ALLOW,Normal,0,0,,
2023-01-01 00:00:51,192.168.0.98,10.0.2.0,TCP,80.0,ALLOW,Normal,0,0,,
2023-01-01 00:00:00,192.168.0.1,10.0.2.2,UDP,53.0,ALLOW,Normal,0,0,,
2023-01-01 00:00:00,192.168.0.51,10.0.2.2,UDP,53.0,ALLOW,Normal,0,0,,
2023-01-01 00:00:00,192.168.0.6,10.0.2.2,UDP,53.0,ALLOW,Normal,0,0,,
2023-01-01 00:03:17,192.168.0.1,10.0.2.2,UDP,53.0,ALLOW,Normal,0,0,,
2023-01-01 00:00:00,192.168.338.53,10.0.1.1,UDP,33879.0,ALLOW,Normal,0,0,,
2023-01-01 00:01:36,192.168.80.96,10.0.4.3,UDP,8080.0,DENY,Normal,0,0,,
2023-01-01 00:00:31,192.168.0.8,10.0.2.2,UDP,53.0,ALLOW,Normal,0,0,,
2023-01-01 05:45:23,192.168.0.34,10.0.7.7,TCP,80.0,ALLOW,Normal,0,0,,
2023-01-01 00:00:24,192.168.0.51,10.0.2.2,UDP,53.0,ALLOW,Normal,0,0,,
2023-01-01 00:01:00,192.168.0.77,10.0.1.1,UDP,53.0,ALLOW,Normal,0,0,,
2023-01-01 00:00:00,192.168.527.31,10.0.1.1,UDP,52712.0,DENY,Normal,0,0,,
2023-01-01 00:05:02,192.168.0.87,10.0.1.1,UDP,53.0,ALLOW,Normal,0,0,,
2023-01-01 00:00:31,192.168.0.25,10.0.2.2,UDP,53.0,ALLOW,Normal,0,0,,
2023-01-01 00:00:00,192.168.4.1,10.0.2.0,TCP,443.0,ALLOW,Normal,0,0,,
2023-01-01 00:03:56,192.168.0.54,10.0.1.1,UDP,53.0,ALLOW,Normal,0,0,,
2023-01-02 08:47:09,192.168.4.69,10.0.16.16,TCP,443.0,ALLOW,Normal,0,0,,
2023-01-01 00:00:00,192.168.563.20,10.0.1.1,UDP,56336.0,ALLOW,Normal,0,0,,
2023-01-01 00:01:17,192.168.0.26,10.0.4.4,UDP,53.0,ALLOW,Normal,0,0,,
2023-01-01 00:00:47,192.168.0.47,10.0.3.4,TCP,80.0,ALLOW,Normal,0,0,,
2023-01-01 00:00:31,192.168.0.2,10.0.2.2,UDP,53.0,ALLOW,Normal,0,0,,
2023-01-01 00:00:00,192.168.0.60,10.0.2.2,UDP,53.0,ALLOW,Normal,0,0,,
2023-01-01 00:06:43,192.168.4.96,10.0.8.6,TCP,443.0,ALLOW,Normal,0,0,,
2023-01-01 00:00:23,192.168.0.67,10.0.1.1,UDP,53.0,ALLOW,Normal,0,0,,
2023-01-01 16:55:32,192.168.0.84,10.0.10.10,TCP,80.0,ALLOW,Normal,0,0,,
2023-01-01 00:01:20,192.168.0.92,10.0.2.0,TCP,80.0,ALLOW,Normal,0,0,,
2023-01-01 05:41:51,192.168.496.92,10.0.30.28,UDP,49666.0,ALLOW,Normal,0,0,,
2023-01-01 00:03:27,192.168.0.88,10.0.1.1,UDP,53.0,ALLOW,Normal,0,0,,
2023-01-01 03:07:15,192.168.4.73,10.0.9.8,TCP,443.0,ALLOW,Normal,0,0,,
2023-01-01 00:00:00,192.168.0.49,10.0.1.1,UDP,53.0,ALLOW,Normal,0,0,,
2023-01-01 11:30:13,192.168.4.28,10.0.39.56,TCP,443.0,ALLOW,Normal,0,0,,
2023-01-01 06:50:31,192.168.0.34,10.0.2.2,UDP,53.0,ALLOW,Normal,0,0,,
2023-01-01 00:00:00,192.168.0.2,10.0.1.1,UDP,22.0,ALLOW,Normal,0,0,,
2023-01-02 08:17:18,192.168.0.19,10.0.18.15,TCP,80.0,ALLOW,Normal,0,0,,
2023-01-01 00:00:00,192.168.384.3,10.0.2.0,UDP,38424.0,ALLOW,Normal,0,0,,
2023-01-01 00:00:32,192.168.0.22,10.0.2.2,UDP,53.0,ALLOW,Normal,0,0,,
2023-01-01 00:01:00,192.168.0.59,10.0.1.1,UDP,53.0,ALLOW,Normal,0,0,,
2023-01-01 00:00:48,192.168.0.93,10.0.2.2,UDP,53.0,ALLOW,Normal,0,0,,
2023-01-01 00:00:24,192.168.0.98,10.0.2.2,UDP,53.0,ALLOW,Normal,0,0,,
2023-01-01 00:57:17,192.168.4.7,10.0.8.9,TCP,443.0,ALLOW,Normal,0,0,,
2023-01-01 00:05:08,192.168.4.94,10.0.20.18,TCP,443.0,ALLOW,Normal,0,0,,
2023-01-01 00:00:00,192.168.520.49,10.0.1.1,UDP,52090.0,ALLOW,Normal,0,0,,
2023-01-01 00:00:00,192.168.0.81,10.0.2.2,UDP,53.0,ALLOW,Normal,0,0,,
2023-01-01 00:00:00,192.168.0.48,10.0.2.2,UDP,53.0,ALLOW,Normal,0,0,,
2023-01-01 00:00:00,192.168.0.54,10.0.2.2,UDP,53.0,ALLOW,Normal,0,0,,
2023-01-01 00:00:30,192.168.0.51,10.0.1.1,UDP,53.0,ALLOW,Normal,0,0,,
2023-01-01 00:00:00,192.168.497.74,10.0.1.1,UDP,49799.0,ALLOW,Normal,0,0,,
2023-01-01 00:00:00,192.168.0.31,10.0.2.2,UDP,88.0,ALLOW,Normal,0,0,,
2023-01-01 00:01:00,192.168.0.48,10.0.1.1,UDP,53.0,ALLOW,Normal,0,0,,
2023-01-01 00:00:00,192.168.0.63,10.0.2.2,UDP,53.0,ALLOW,Normal,0,0,,
2023-01-01 00:01:35,192.168.4.85,10.0.1.1,TCP,443.0,ALLOW,Normal,0,0,,
2023-01-01 00:00:00,192.168.537.3,10.0.2.0,UDP,53714.0,ALLOW,Normal,0,0,,
2023-01-01 00:01:05,192.168.80.59,10.0.4.3,UDP,8080.0,DENY,Normal,0,0,,
2023-01-01 00:01:06,192.168.0.82,10.0.1.1,UDP,53.0,ALLOW,Normal,0,0,,
2023-01-01 17:48:05,192.168.0.79,10.0.2.0,TCP,80.0,ALLOW,Normal,0,0,,
2023-01-01 00:02:06,192.168.0.81,10.0.1.1,UDP,53.0,ALLOW,Normal,0,0,,
2023-01-01 00:00:00,192.168.125.1,10.0.2.0,UDP,12524.0,ALLOW,Normal,0,0,,
2023-01-01 17:02:06,192.168.4.45,10.0.16.15,TCP,443.0,ALLOW,Normal,0,0,,
2023-01-01 00:00:19,192.168.55.78,10.0.3.1,UDP,5550.0,ALLOW,Normal,0,0,,
2023-01-01 00:01:12,192.168.4.93,10.0.4.1,TCP,443.0,ALLOW,Normal,0,0,,
2023-01-01 00:00:00,192.168.0.65,10.0.2.2,UDP,53.0,ALLOW,Normal,0,0,,
2023-01-01 00:01:16,192.168.0.39,10.0.1.1,UDP,53.0,ALLOW,Normal,0,0,,
2023-01-01 00:00:00,192.168.4.74,10.0.2.0,TCP,443.0,ALLOW,Normal,0,0,,
2023-01-01 00:00:00,192.168.4.72,10.0.2.0,TCP,443.0,ALLOW,Normal,0,0,,
2023-01-01 00:01:33,192.168.1.37,10.0.1.1,UDP,123.0,ALLOW,Normal,0,0,,
2023-01-01 01:37:06,192.168.4.83,10.0.10.7,TCP,443.0,ALLOW,Normal,0,0,,
2023-01-01 04:41:49,192.168.4.71,10.0.11.16,TCP,443.0,ALLOW,Normal,0,0,,
2023-01-01 00:00:24,192.168.0.56,10.0.2.2,UDP,53.0,ALLOW,Normal,0,0,,
2023-01-02 02:04:19,192.168.0.32,10.0.2.2,UDP,53.0,ALLOW,Normal,0,0,,
2023-01-02 08:38:08,192.168.0.74,10.0.19.17,TCP,80.0,ALLOW,Normal,0,0,,
2023-01-01 00:00:00,192.168.501.42,10.0.1.3,UDP,50196.0,ALLOW,Normal,0,0,,
2023-01-01 00:02:24,192.168.0.81,10.0.1.1,UDP,53.0,ALLOW,Normal,0,0,,
2023-01-01 00:09:07,192.168.4.44,10.0.7.10,TCP,443.0,ALLOW,Normal,0,0,,
2023-01-01 00:00:50,192.168.0.65,10.0.2.2,UDP,53.0,ALLOW,Normal,0,0,,
2023-01-01 00:01:47,192.168.0.69,10.0.1.1,UDP,53.0,ALLOW,Normal,0,0,,
2023-01-01 00:00:00,192.168.417.40,10.0.1.1,UDP,41740.0,ALLOW,Normal,0,0,,
2023-01-01 01:41:59,192.168.0.15,10.0.3.1,TCP,80.0,ALLOW,Normal,0,0,,
2023-01-01 00:00:00,192.168.0.47,10.0.2.2,UDP,53.0,ALLOW,Normal,0,0,,
2023-01-01 00:00:00,192.168.0.79,10.0.2.2,UDP,53.0,ALLOW,Normal,0,0,,
2023-01-01 00:00:00,192.168.0.81,10.0.2.2,UDP,53.0,ALLOW,Normal,0,0,,
2023-01-01 00:00:31,192.168.0.88,10.0.4.2,UDP,53.0,ALLOW,Normal,0,0,,
2023-01-01 00:00:00,192.168.0.71,10.0.2.2,UDP,53.0,ALLOW,Normal,0,0,,
2023-01-01 00:00:00,192.168.0.78,10.0.2.2,UDP,53.0,ALLOW,Normal,0,0,,
2023-01-01 00:07:21,192.168.4.58,10.0.8.10,TCP,443.0,ALLOW,Normal,0,0,,
2023-01-01 00:00:00,192.168.0.35,10.0.2.2,UDP,53.0,ALLOW,Normal,0,0,,
2023-01-01 02:51:20,192.168.4.20,10.0.10.13,TCP,443.0,ALLOW,Normal,0,0,,
2023-01-01 00:00:00,192.168.0.56,10.0.2.2,UDP,53.0,ALLOW,Normal,0,0,,
2023-01-01 00:00:25,192.168.0.99,10.0.2.2,UDP,53.0,ALLOW,Normal,0,0,,
2023-01-01 00:52:52,192.168.4.12,10.0.5.1,TCP,443.0,ALLOW,Normal,0,0,,
2023-01-01 00:01:20,192.168.0.7,10.0.2.2,UDP,53.0,ALLOW,Normal,0,0,,
2023-01-01 00:01:26,192.168.0.51,10.0.2.2,UDP,53.0,ALLOW,Normal,0,0,,
2023-01-01 00:01:08,192.168.0.62,10.0.1.1,UDP,53.0,ALLOW,Normal,0,0,,
2023-01-01 06:52:45,192.168.0.96,10.0.15.9,TCP,80.0,ALLOW,Normal,0,0,,
2023-01-01 00:00:35,192.168.539.16,10.0.2.0,UDP,53998.0,ALLOW,Normal,0,0,,
2023-01-01 00:00:00,192.168.374.18,10.0.1.1,UDP,37498.0,ALLOW,Normal,0,0,,
2023-01-01 00:00:00,192.168.495.3,10.0.2.1,UDP,49554.0,ALLOW,Normal,0,0,,
2023-01-01 00:00:00,192.168.0.38,10.0.2.2,UDP,53.0,ALLOW,Normal,0,0,,
2023-01-01 00:00:00,192.168.0.88,10.0.2.2,UDP,53.0,ALLOW,Normal,0,0,,
2023-01-01 00:00:00,192.168.0.21,10.0.2.2,UDP,53.0,ALLOW,Normal,0,0,,
2023-01-02 08:10:08,192.168.4.44,10.0.22.20,TCP,443.0,ALLOW,Normal,0,0,,
2023-01-01 00:00:01,192.168.0.51,10.0.2.2,UDP,53.0,ALLOW,Normal,0,0,,
2023-01-01 00:06:41,192.168.0.1,10.0.1.1,UDP,53.0,ALLOW,Normal,0,0,,
2023-01-01 00:00:00,192.168.507.92,10.0.3.1,UDP,50784.0,ALLOW,Normal,0,0,,
2023-01-01 00:00:00,192.168.605.67,10.0.1.1,UDP,60583.0,ALLOW,Normal,0,0,,
2023-01-01 00:00:00,192.168.37.3,10.0.2.0,UDP,3760.0,ALLOW,Normal,0,0,,
2023-01-01 00:01:09,192.168.0.98,10.0.4.2,UDP,53.0,ALLOW,Normal,0,0,,
2023-01-01 11:38:38,192.168.4.41,10.0.13.13,TCP,443.0,ALLOW,Normal,0,0,,
2023-01-01 16:57:41,192.168.0.30,10.0.13.15,TCP,80.0,ALLOW,Normal,0,0,,
2023-01-01 00:00:00,192.168.0.11,10.0.2.2,UDP,53.0,ALLOW,Normal,0,0,,
2023-01-01 00:00:48,192.168.0.73,10.0.2.2,UDP,53.0,ALLOW,Normal,0,0,,
2023-01-01 00:00:00,192.168.449.66,10.0.1.1,UDP,44916.0,ALLOW,Normal,0,0,,
2023-01-01 00:04:39,192.168.0.33,10.0.4.2,UDP,53.0,ALLOW,Normal,0,0,,
2023-01-01 01:27:12,192.168.4.63,10.0.9.5,TCP,443.0,ALLOW,Normal,0,0,,
2023-01-01 00:00:30,192.168.0.66,10.0.1.1,UDP,53.0,ALLOW,Normal,0,0,,
2023-01-01 00:00:00,192.168.0.68,10.0.1.2,UDP,21.0,ALLOW,Normal,0,0,,
2023-01-01 00:00:00,192.168.4.4,10.0.2.0,TCP,443.0,ALLOW,Normal,0,0,,
2023-01-01 00:00:00,192.168.0.42,10.0.2.2,UDP,53.0,ALLOW,Normal,0,0,,
2023-01-01 00:00:23,192.168.0.85,10.0.1.1,UDP,53.0,ALLOW,Normal,0,0,,
2023-01-01 00:00:00,192.168.0.3,10.0.1.1,TCP,80.0,ALLOW,Normal,0,0,,
2023-01-01 00:00:23,192.168.0.70,10.0.2.2,UDP,53.0,ALLOW,Normal,0,0,,
2023-01-01 00:00:00,192.168.521.4,10.0.2.0,UDP,52154.0,ALLOW,Normal,0,0,,
2023-01-01 00:00:00,192.168.3.44,10.0.2.2,UDP,389.0,ALLOW,Normal,0,0,,
2023-01-01 00:00:00,192.168.527.90,10.0.1.1,UDP,52706.0,ALLOW,Normal,0,0,,
2023-01-01 00:01:00,192.168.0.35,10.0.2.2,UDP,53.0,ALLOW,Normal,0,0,,
2023-01-01 00:00:00,192.168.42.49,10.0.1.1,UDP,4241.0,ALLOW,Normal,0,0,,
2023-01-01 00:00:00,192.168.0.4,10.0.2.2,UDP,53.0,ALLOW,Normal,0,0,,
2023-01-01 00:00:48,192.168.0.32,10.0.2.2,UDP,53.0,ALLOW,Normal,0,0,,
2023-01-01 00:00:00,192.168.47.4,10.0.3.0,UDP,4753.0,ALLOW,Normal,0,0,,
2023-01-01 00:01:03,192.168.0.15,10.0.4.2,UDP,53.0,ALLOW,Normal,0,0,,
2023-01-01 02:50:17,192.168.4.97,10.0.10.9,TCP,443.0,ALLOW,Normal,0,0,,
2023-01-01 00:01:16,192.168.0.18,10.0.2.2,UDP,53.0,ALLOW,Normal,0,0,,
2023-01-01 00:00:00,192.168.520.4,10.0.3.0,UDP,52001.0,ALLOW,Normal,0,0,,
2023-01-02 07:54:09,192.168.0.70,10.0.3.3,UDP,53.0,ALLOW,Normal,0,0,,
2023-01-01 00:00:00,192.168.0.29,10.0.2.2,UDP,53.0,ALLOW,Normal,0,0,,
2023-01-01 00:00:00,192.168.516.4,10.0.2.0,UDP,51650.0,ALLOW,Normal,0,0,,
2023-01-01 00:00:00,192.168.4.1,10.0.2.0,TCP,443.0,ALLOW,Normal,0,0,,
2023-01-01 00:00:00,192.168.0.42,10.0.2.2,UDP,53.0,ALLOW,Normal,0,0,,
2023-01-01 00:00:30,192.168.0.26,10.0.2.2,UDP,53.0,ALLOW,Normal,0,0,,
2023-01-01 01:24:47,192.168.0.9,10.0.3.1,TCP,80.0,ALLOW,Normal,0,0,,
2023-01-01 00:08:13,192.168.4.86,10.0.6.5,TCP,443.0,ALLOW,Normal,0,0,,
2023-01-01 00:02:01,192.168.0.94,10.0.4.2,UDP,53.0,ALLOW,Normal,0,0,,
2023-01-01 00:00:23,192.168.0.85,10.0.2.2,UDP,53.0,ALLOW,Normal,0,0,,
2023-01-01 00:00:00,192.168.0.49,10.0.2.2,UDP,53.0,ALLOW,Normal,0,0,,
2023-01-01 00:00:00,192.168.264.1,10.0.2.0,UDP,26413.0,ALLOW,Normal,0,0,,
2025-05-01 20:22:12,0.0.0.0,255.255.255.255,UDP,68.0,DROPPED,Normal,0,0,,
2025-05-01 20:08:48,10.90.90.90,239.255.255.100,IP,0.0,DROPPED,Normal,0,0,,
2025-05-01 19:57:12,10.90.90.90,255.255.255.255,UNKNOWN,0.0,DROPPED,Normal,0,0,,
2025-05-01 19:56:36,192.168.1.201,203.145.184.32,UDP,45233.0,ALLOW,Normal,0,0,,
2025-05-01 19:38:36,169.254.31.13,169.254.255.255,UNKNOWN,137.0,DROPPED,Normal,0,0,,
2025-05-01 19:18:48,0.0.0.0,255.255.255.255,UDP,68.0,DROPPED,Normal,0,0,,
2025-05-01 18:57:00,10.90.90.90,255.255.255.255,UNKNOWN,0.0,DROPPED,Normal,0,0,,
2025-05-01 18:46:12,192.168.1.201,203.145.184.32,UDP,35037.0,ALLOW,Normal,0,0,,
2025-05-01 18:25:30,169.254.31.13,169.254.255.255,UNKNOWN,137.0,DROPPED,Normal,0,0,,
2025-05-01 18:19:48,169.254.31.13,169.254.255.255,UNKNOWN,137.0,DROPPED,Normal,0,0,,
2025-05-01 18:08:48,10.90.90.90,239.255.255.100,IP,0.0,DROPPED,Normal,0,0,,
2025-05-01 17:56:48,10.90.90.90,255.255.255.255,UNKNOWN,0.0,DROPPED,Normal,0,0,,
2025-05-01 17:40:18,192.168.1.8,8.8.8.8,UDP,58563.0,ALLOW,Normal,0,0,,
2025-05-01 17:24:54,169.254.31.13,169.254.255.255,UNKNOWN,137.0,DROPPED,Normal,0,0,,
2025-05-01 16:56:36,10.90.90.90,255.255.255.255,UNKNOWN,0.0,DROPPED,Normal,0,0,,
2025-05-01 16:41:30,0.0.0.0,192.168.1.70,UNKNOWN,0.0,UNKNOWN,Normal,0,0,,
2025-05-01 16:36:12,192.168.1.35,192.168.1.1,UDP,53419.0,ALLOW,Normal,0,0,,
2025-05-01 16:24:30,169.254.31.13,169.254.255.255,UNKNOWN,137.0,DROPPED,Normal,0,0,,
2025-05-01 16:12:18,192.168.1.35,192.168.1.71,TCP,53966.0,ALLOW,Normal,0,0,,
2025-05-01 16:08:42,10.90.90.90,239.255.255.100,IP,0.0,DROPPED,Normal,0,0,,
2025-05-01 15:56:24,10.90.90.90,255.255.255.255,UNKNOWN,0.0,DROPPED,Normal,0,0,,
2025-05-01 15:34:24,192.168.1.35,192.168.1.1,UDP,64047.0,ALLOW,Normal,0,0,,
2025-05-01 15:15:06,169.254.31.13,169.254.255.255,UNKNOWN,138.0,DROPPED,Normal,0,0,,
2025-05-01 14:56:12,10.90.90.90,255.255.255.255,UNKNOWN,0.0,DROPPED,Normal,0,0,,
2025-05-01 14:44:24,192.168.1.35,192.168.1.71,TCP,53812.0,ALLOW,Normal,0,0,,
2025-05-01 14:33:42,192.168.1.35,192.168.1.1,UDP,57124.0,ALLOW,Normal,0,0,,
2025-05-01 14:08:42,10.90.90.90,239.255.255.100,IP,0.0,DROPPED,Normal,0,0,,
2025-05-01 14:05:06,169.254.31.13,169.254.255.255,UNKNOWN,137.0,DROPPED,Normal,0,0,,
2025-05-01 13:56:00,10.90.90.90,255.255.255.255,UNKNOWN,0.0,DROPPED,Normal,0,0,,
2025-05-01 13:36:12,192.168.1.35,192.168.1.71,TCP,53640.0,ALLOW,Normal,0,0,,
2025-05-01 13:33:36,192.168.1.35,192.168.1.1,UDP,56757.0,ALLOW,Normal,0,0,,
2025-05-01 13:10:18,0.0.0.0,255.255.255.255,UDP,68.0,DROPPED,Normal,0,0,,
2025-05-01 13:07:18,169.254.31.13,169.254.255.255,UNKNOWN,137.0,DROPPED,Normal,0,0,,
2025-05-01 12:55:48,10.90.90.90,255.255.255.255,UNKNOWN,0.0,DROPPED,Normal,0,0,,
2025-05-01 12:32:36,192.168.1.35,192.168.1.71,TCP,53586.0,ALLOW,Normal,0,0,,
2025-05-01 12:32:36,192.168.1.35,192.168.1.1,UDP,60695.0,ALLOW,Normal,0,0,,
2025-05-01 12:07:54,0.0.0.0,255.255.255.255,UDP,68.0,DROPPED,Normal,0,0,,
2025-05-01 12:07:42,169.254.31.13,224.0.0.22,IP,0.0,DROPPED,Normal,0,0,,
2025-05-01 11:55:36,10.90.90.90,255.255.255.255,UNKNOWN,0.0,DROPPED,Normal,0,0,,
2025-05-01 11:50:00,169.254.31.13,169.254.255.255,UNKNOWN,137.0,DROPPED,Normal,0,0,,
2025-05-01 11:31:42,192.168.1.35,192.168.1.71,TCP,53543.0,ALLOW,Normal,0,0,,
2025-05-01 10:29:48,192.168.1.35,192.168.1.71,TCP,53442.0,ALLOW,Normal,0,0,,
2025-05-01 10:16:06,169.254.31.13,169.254.255.255,UNKNOWN,137.0,DROPPED,Normal,0,0,,
2025-05-01 09:24:48,192.168.1.35,192.168.1.71,TCP,53276.0,ALLOW,Normal,0,0,,
2025-05-01 09:02:48,169.254.31.13,169.254.255.255,UNKNOWN,137.0,DROPPED,Normal,0,0,,
2025-05-01 08:23:54,192.168.1.35,192.168.1.71,TCP,0.0,ALLOW,Normal,0,0,,
2025-05-01 08:12:36,192.168.1.35,192.168.1.71,TCP,53045.0,ALLOW,Normal,0,0,,
2025-05-01 07:53:00,169.254.31.13,169.254.255.255,UNKNOWN,137.0,DROPPED,Normal,0,0,,
2025-05-01 06:46:36,169.254.31.13,169.254.255.255,UNKNOWN,137.0,DROPPED,Normal,0,0,,
,,,udp,,DENY,Attack,36,0,,
,,,tcp,,DENY,Attack,0,0,,
,,,tcp,,DENY,Attack,0,0,,
,,,tcp,,DENY,Attack,0,0,,
,,,tcp,,DENY,Attack,0,0,,
,,,tcp,,DENY,Attack,325,4673,,
,,,tcp,,DENY,Attack,0,0,,
,,,tcp,,DENY,Attack,0,0,,
,,,tcp,,DENY,Attack,0,0,,
,,,tcp,,DENY,Attack,743,335,,
,,,tcp,,DENY,Attack,0,0,,
,,,tcp,,DENY,Attack,209,29055,,
,,,tcp,,DENY,Attack,0,0,,
,,,tcp,,DENY,Attack,567,0,,
,,,tcp,,DENY,Attack,243,929,,
,,,udp,,DENY,Attack,45,45,,
,,,udp,,DENY,Attack,46,85,,
,,,tcp,,DENY,Attack,313,421,,
,,,tcp,,DENY,Attack,9,141,,
,,,tcp,,DENY,Attack,35,0,,
,,,tcp,,DENY,Attack,294,545,,
,,,udp,,DENY,Attack,44,125,,
,,,icmp,,DENY,Attack,1032,0,,
,,,tcp,,DENY,Attack,233,6084,,
,,,tcp,,DENY,Attack,229,2356,,
,,,tcp,,DENY,Attack,345,566,,
,,,tcp,,DENY,Attack,334,0,,
,,,tcp,,DENY,Attack,0,0,,
,,,tcp,,DENY,Attack,246,773,,
,,,icmp,,DENY,Attack,30,0,,
,,,tcp,,DENY,Attack,854,0,,
,,,tcp,,DENY,Attack,0,0,,
,,,tcp,,DENY,Attack,148,2893,,
,,,udp,,DENY,Attack,516,4,,
,,,tcp,,DENY,Attack,0,0,,
,,,tcp,,DENY,Attack,0,0,,
,,,tcp,,DENY,Attack,0,0,,
,,,tcp,,DENY,Attack,0,0,,
,,,icmp,,DENY,Attack,30,0,,
,,,tcp,,DENY,Attack,0,0,,
,,,tcp,,DENY,Attack,0,0,,
,,,tcp,,DENY,Attack,200,354,,
,,,udp,,DENY,Attack,43,75,,
,,,tcp,,DENY,Attack,844,326,,
,,,tcp,,DENY,Attack,0,0,,
,,,tcp,,DENY,Attack,35,130,,
,,,tcp,,DENY,Attack,0,0,,
,,,tcp,,DENY,Attack,0,0,,
,,,tcp,,DENY,Attack,201,1315,,
,,,tcp,,DENY,Attack,0,0,,
,,,tcp,,DENY,Attack,30,0,,
,,,tcp,,DENY,Attack,12,0,,
,,,tcp,,DENY,Attack,0,0,,
,,,tcp,,DENY,Attack,343,1714,,
,,,tcp,,DENY,Attack,1435,337,,
,,,tcp,,DENY,Attack,237,12155,,
,,,tcp,,DENY,Attack,0,0,,
,,,tcp,,DENY,Attack,0,0,,
,,,tcp,,DENY,Attack,210,566,,
,,,tcp,,DENY,Attack,1069,333,,
,,,tcp,,DENY,Attack,0,0,,
,,,tcp,,DENY,Attack,3844,377,,
,,,tcp,,DENY,Attack,262,11785,,
,,,tcp,,DENY,Attack,231,18499,,
,,,tcp,,DENY,Attack,197,27228,,
,,,tcp,,DENY,Attack,205,10044,,
,,,udp,,DENY,Attack,147,105,,
,,,tcp,,DENY,Attack,0,0,,
,,,udp,,DENY,Attack,44,133,,
,,,udp,,DENY,Attack,516,4,,
,,,tcp,,DENY,Attack,38,130,,
,,,tcp,,DENY,Attack,164,28382,,
,,,tcp,,DENY,Attack,0,0,,
,,,tcp,,DENY,Attack,0,0,,
,,,tcp,,DENY,Attack,1362,380,,
,,,udp,,DENY,Attack,105,146,,
,,,tcp,,DENY,Attack,0,0,,
,,,tcp,,DENY,Attack,0,0,,
,,,icmp,,DENY,Attack,30,0,,
,,,tcp,,DENY,Attack,0,0,,
,,,tcp,,DENY,Attack,248,4196,,
,,,tcp,,DENY,Attack,13247,1430,,
,,,tcp,,DENY,Attack,0,0,,
,,,tcp,,DENY,Attack,236,1872,,
,,,udp,,DENY,Attack,45,143,,
,,,tcp,,DENY,Attack,373,0,,
,,,udp,,DENY,Attack,145,105,,
,,,tcp,,DENY,Attack,0,0,,
,,,tcp,,DENY,Attack,0,0,,
,,,tcp,,DENY,Attack,1165,325,,
,,,tcp,,DENY,Attack,0,0,,
,,,tcp,,DENY,Attack,0,0,,
,,,udp,,DENY,Attack,34,34,,
,,,tcp,,DENY,Attack,198,11354,,
,,,tcp,,DENY,Attack,284,8079,,
,,,udp,,DENY,Attack,44,110,,
,,,tcp,,DENY,Attack,330,9132,,
,,,tcp,,DENY,Attack,0,0,,
,,,icmp,,DENY,Attack,8,0,,
,,,tcp,,DENY,Attack,334,0,,
,,,tcp,,DENY,Attack,1317,404,,
,,,tcp,,DENY,Attack,0,0,,
,,,tcp,,DENY,Attack,331,1288,,
,,,tcp,,DENY,Attack,0,0,,
,,,icmp,,DENY,Attack,30,0,,
,,,tcp,,DENY,Attack,235,327,,
,,,tcp,,DENY,Attack,0,0,,
,,,udp,,DENY,Attack,105,147,,
,,,tcp,,DENY,Attack,768,0,,
,,,tcp,,DENY,Attack,0,0,,
,,,tcp,,DENY,Attack,709,335,,
,,,icmp,,DENY,Attack,8,0,,
,,,tcp,,DENY,Attack,0,0,,
,,,tcp,,DENY,Attack,262,7714,,
,,,tcp,,DENY,Attack,0,0,,
,,,tcp,,DENY,Attack,0,0,,
,,,udp,,DENY,Attack,42,75,,
,,,tcp,,DENY,Attack,229,2030,,
,,,udp,,DENY,Attack,44,78,,
,,,tcp,,DENY,Attack,208,473,,
,,,tcp,,DENY,Attack,237,7542,,
,,,tcp,,DENY,Attack,0,0,,
,,,tcp,,DENY,Attack,248,766,,
,,,tcp,,DENY,Attack,740,0,,
,,,tcp,,DENY,Attack,0,0,,
,,,tcp,,DENY,Attack,0,0,,
,,,tcp,,DENY,Attack,304,8497,,
,,,tcp,,DENY,Attack,0,0,,
,,,tcp,,DENY,Attack,260,2090,,
,,,icmp,,DENY,Attack,1032,0,,
,,,tcp,,DENY,Attack,0,0,,
,,,tcp,,DENY,Attack,215,449,,
,,,icmp,,DENY,Attack,78,0,,
,,,tcp,,DENY,Attack,6,6,,
,,,udp,,DENY,Attack,44,75,,
,,,tcp,,DENY,Attack,325,930,,
,,,tcp,,DENY,Attack,7233,0,,
,,,tcp,,DENY,Attack,8,222,,
,,,tcp,,DENY,Attack,186,19509,,
,,,udp,,DENY,Attack,516,4,,
,,,tcp,,DENY,Attack,281,417,,
,,,tcp,,DENY,Attack,5558,0,,
,,,tcp,,DENY,Attack,0,0,,
,,,udp,,DENY,Attack,45,45,,
,,,tcp,,DENY,Attack,0,0,,
,,,tcp,,DENY,Attack,641,0,,
,,,tcp,,DENY,Attack,0,0,,
,,,tcp,,DENY,Attack,0,0,,
,,,tcp,,DENY,Attack,285,266,,
,,,tcp,,DENY,Attack,0,0,,
,,,icmp,,DENY,Attack,8,0,,
,,,tcp,,DENY,Attack,214,961,,
,,,udp,,DENY,Attack,45,136,,
,,,tcp,,DENY,Attack,213,1116,,
,,,tcp,,DENY,Attack,1809,325,,
,,,tcp,,DENY,Attack,0,0,,
,,,tcp,,DENY,Attack,0,0,,
,,,tcp,,DENY,Attack,0,0,,
,,,tcp,,DENY,Attack,162,4937,,
,,,tcp,,DENY,Attack,0,0,,
,,,tcp,,DENY,Attack,0,0,,
,,,tcp,,DENY,Attack,212,1227,,
,,,tcp,,DENY,Attack,190,0,,
,,,tcp,,DENY,Attack,0,0,,
,,,tcp,,DENY,Attack,0,0,,
,,,tcp,,DENY,Attack,226,943,,
,,,tcp,,DENY,Attack,0,0,,
,,,tcp,,DENY,Attack,0,0,,
,,,tcp,,DENY,Attack,0,0,,
,,,tcp,,DENY,Attack,313,5294,,
,,,tcp,,DENY,Attack,1247,332,,
,,,tcp,,DENY,Attack,0,0,,
,,,tcp,,DENY,Attack,331,3437,,
,,,tcp,,DENY,Attack,153,338,,
,,,tcp,,DENY,Attack,0,0,,
,,,udp,,DENY,Attack,1,0,,
,,,tcp,,DENY,Attack,1079,334,,
,,,udp,,DENY,Attack,33,93,,
,,,tcp,,DENY,Attack,0,0,,
,,,tcp,,DENY,Attack,307,1992,,
,,,tcp,,DENY,Attack,146,391,,
,,,tcp,,DENY,Attack,350,255,,
,,,tcp,,DENY,Attack,0,0,,
,,,tcp,,DENY,Attack,0,0,,
,,,icmp,,DENY,Attack,8,0,,
,,,tcp,,DENY,Attack,0,0,,
,,,tcp,,DENY,Attack,4539,0,,
,,,tcp,,DENY,Attack,0,0,,
,,,udp,,DENY,Attack,44,71,,
,,,tcp,,DENY,Attack,0,0,,
,,,udp,,DENY,Attack,44,127,,
,,,tcp,,DENY,Attack,325,5583,,
,,,tcp,,DENY,Attack,289,3428,,
,,,tcp,,DENY,Attack,0,0,,
,,,tcp,,DENY,Attack,0,0,,
,,,tcp,,DENY,Attack,221,1367,,
,,,icmp,,DENY,Attack,30,0,,
,,,tcp,,DENY,Attack,233,279,,
,,,tcp,,DENY,Attack,0,0,,
,,,tcp,,DENY,Attack,1452,330,,
,,,tcp,,DENY,Attack,0,0,,
,,,tcp,,DENY,Attack,10,38,,
,,,tcp,,DENY,Attack,54540,8314,,
,,,tcp,,DENY,Attack,0,0,,
,,,tcp,,DENY,Attack,0,0,,
,,,tcp,,DENY,Attack,318,2462,,
,,,tcp,,DENY,Attack,0,0,,
,,,tcp,,DENY,Attack,301,310,,
,,,tcp,,DENY,Attack,737,9178,,
,,,tcp,,DENY,Attack,1444,330,,
,,,tcp,,DENY,Attack,0,0,,
,,,udp,,DENY,Attack,147,105,,
,,,icmp,,DENY,Attack,1480,0,,
,,,tcp,,DENY,Attack,522,8496,,
,,,udp,,DENY,Attack,100,0,,
,,,tcp,,DENY,Attack,59,0,,
,,,icmp,,DENY,Attack,8,0,,
,,,udp,,DENY,Attack,42,42,,
,,,icmp,,DENY,Attack,1032,0,,
,,,udp,,DENY,Attack,46,46,,
,,,tcp,,DENY,Attack,0,0,,
,,,tcp,,DENY,Attack,13106,1429,,
,,,tcp,,DENY,Attack,0,0,,
,,,icmp,,DENY,Attack,8,0,,
,,,tcp,,DENY,Attack,152,5096,,
,,,tcp,,DENY,Attack,219,1357,,
,,,tcp,,DENY,Attack,0,0,,
,,,tcp,,DENY,Attack,389,858,,
,,,tcp,,DENY,Attack,306,1694,,
,,,tcp,,DENY,Attack,376,245,,
,,,tcp,,DENY,Attack,0,0,,
,,,tcp,,DENY,Attack,0,0,,
,,,icmp,,DENY,Attack,1032,0,,
,,,icmp,,DENY,Attack,8,0,,
,,,tcp,,DENY,Attack,0,0,,
,,,tcp,,DENY,Attack,328,4425,,
,,,tcp,,DENY,Attack,0,0,,
,,,icmp,,DENY,Attack,18,0,,
,,,udp,,DENY,Attack,1,0,,
,,,tcp,,DENY,Attack,281,757,,
,,,tcp,,DENY,Attack,354,1590,,
,,,tcp,,DENY,Attack,0,0,,
,,,tcp,,DENY,Attack,292,1896,,
,,,tcp,,DENY,Attack,0,0,,
,,,tcp,,DENY,Attack,804,330,,
,,,tcp,,DENY,Attack,0,0,,
,,,icmp,,DENY,Attack,8,0,,
,,,tcp,,DENY,Attack,304,5419,,
,,,tcp,,DENY,Attack,230,480,,
,,,udp,,DENY,Attack,41,41,,
,,,tcp,,DENY,Attack,0,20595,,
,,,tcp,,DENY,Attack,228,302,,
,,,icmp,,DENY,Attack,520,0,,
,,,tcp,,DENY,Attack,0,0,,
,,,udp,,DENY,Attack,147,105,,
,,,icmp,,DENY,Attack,520,0,,
,,,tcp,,DENY,Attack,253,939,,
,,,tcp,,DENY,Attack,744,9449,,
,,,tcp,,DENY,Attack,234,254,,
,,,tcp,,DENY,Attack,0,0,,
,,,tcp,,DENY,Attack,195,40975,,
,,,tcp,,DENY,Attack,0,0,,
,,,tcp,,DENY,Attack,312,1274,,
,,,tcp,,DENY,Attack,57,170,,
,,,tcp,,DENY,Attack,0,0,,
,,,tcp,,DENY,Attack,243,896,,
,,,icmp,,DENY,Attack,1032,0,,
,,,tcp,,DENY,Attack,0,0,,
,,,tcp,,DENY,Attack,218,6459,,
,,,tcp,,DENY,Attack,0,0,,
,,,icmp,,DENY,Attack,8,0,,
,,,tcp,,DENY,Attack,216,25078,,
,,,tcp,,DENY,Attack,0,0,,
,,,udp,,DENY,Attack,1,0,,
,,,tcp,,DENY,Attack,0,0,,
,,,tcp,,DENY,Attack,327,2566,,
,,,tcp,,DENY,Attack,0,0,,
,,,tcp,,DENY,Attack,280,4045,,
,,,tcp,,DENY,Attack,0,0,,
,,,tcp,,DENY,Attack,270,10333,,
,,,tcp,,DENY,Attack,0,0,,
,,,udp,,DENY,Attack,44,135,,
,,,tcp,,DENY,Attack,0,0,,
,,,tcp,,DENY,Attack,0,0,,
,,,tcp,,DENY,Attack,321,13233,,
,,,tcp,,DENY,Attack,790,336,,
,,,tcp,,DENY,Attack,5133876,0,,
,,,tcp,,DENY,Attack,235,2613,,
,,,tcp,,DENY,Attack,343,1189,,
,,,tcp,,DENY,Attack,180,13176,,
,,,tcp,,DENY,Attack,181,10333,,
,,,tcp,,DENY,Attack,0,0,,
,,,tcp,,DENY,Attack,207,9487,,
,,,icmp,,DENY,Attack,8,0,,
,,,tcp,,DENY,Attack,0,0,,
,,,tcp,,DENY,Attack,0,0,,
,,,udp,,DENY,Attack,105,147,,
,,,udp,,DENY,Attack,1,0,,
,,,tcp,,DENY,Attack,755,327,,
,,,icmp,,DENY,Attack,18,0,,
2025-05-01 06:44:31,192.168.1.191,10.0.0.25,TCP,3389.0,DENY,Attack,7254,2947,Brute force login attempt,REJECTED
2025-04-30 22:03:32,192.168.1.200,10.0.0.114,IP,0.0,DENY,Attack,454,1814,Malformed or unhandled IP packet dropped,IN_PROGRESS
2025-04-30 19:07:18,192.168.1.182,10.0.0.85,UDP,53.0,ALLOW,Normal,4462,2941,DNS packet allowed,IN_PROGRESS
2025-04-30 19:40:36,192.168.1.54,10.0.0.90,TCP,3389.0,DENY,Attack,3314,3675,Brute force login attempt,REJECTED
2025-05-01 05:36:18,192.168.1.96,10.0.0.116,UDP,1900.0,DENY,Normal,4217,2224,Broadcast packet dropped,ESTABLISHED
2025-05-01 05:08:15,192.168.1.226,10.0.0.116,TCP,22.0,DENY,Attack,6958,612,Port scan detected,IN_PROGRESS
2025-05-01 00:04:34,192.168.1.154,10.0.0.149,IP,137.0,DENY,Attack,6475,1293,IP spoof dropped,IN_PROGRESS
2025-04-30 18:45:26,192.168.1.80,10.0.0.56,UDP,53.0,ALLOW,Normal,7030,486,DNS packet allowed,ESTABLISHED
2025-05-01 11:14:23,192.168.1.35,10.0.0.108,UDP,53.0,ALLOW,Normal,2440,713,DNS packet allowed,REJECTED
2025-05-01 07:13:46,192.168.1.100,10.0.0.137,TCP,443.0,ALLOW,Normal,6773,2583,Administrator login allowed,REJECTED
2025-05-01 03:13:20,192.168.1.84,10.0.0.93,IP,0.0,DENY,Attack,7287,2828,Malformed or unhandled IP packet dropped,ESTABLISHED
2025-05-01 03:12:42,192.168.1.220,10.0.0.231,TCP,80.0,ALLOW,Normal,6953,3044,Web management request allowed,IN_PROGRESS
2025-04-30 15:11:12,192.168.1.90,10.0.0.125,UDP,1900.0,DENY,Normal,5880,1989,Broadcast packet dropped,IN_PROGRESS
2025-04-30 16:23:45,192.168.1.50,10.0.0.209,IP,137.0,DENY,Attack,5236,3037,IP spoof dropped,IN_PROGRESS
2025-05-01 09:38:19,192.168.1.216,10.0.0.103,UDP,67.0,DENY,Normal,7814,2718,UDP packet from LAN dropped,ESTABLISHED
2025-05-01 10:27:49,192.168.1.153,10.0.0.106,TCP,3389.0,DENY,Attack,5448,3752,Brute force login attempt,REJECTED
2025-04-30 20:08:07,192.168.1.80,10.0.0.44,ARP,0.0,DENY,Normal,7026,4877,ARP timeout,REJECTED
2025-05-01 02:23:54,192.168.1.14,10.0.0.48,UDP,67.0,DENY,Normal,6605,615,UDP packet from LAN dropped,REJECTED
2025-05-01 03:33:40,192.168.1.92,10.0.0.122,UDP,53.0,ALLOW,Normal,7332,2150,DNS packet allowed,REJECTED
2025-05-01 10:45:12,192.168.1.25,10.0.0.179,IP,137.0,DENY,Attack,7574,669,IP spoof dropped,IN_PROGRESS
2025-04-30 14:04:22,192.168.1.88,10.0.0.161,UDP,1900.0,DENY,Normal,6827,4195,Broadcast packet dropped,REJECTED
2025-04-30 15:26:31,192.168.1.55,10.0.0.3,IP,0.0,DENY,Attack,1758,513,Malformed or unhandled IP packet dropped,IN_PROGRESS
2025-05-01 09:49:10,192.168.1.61,10.0.0.213,UDP,53.0,ALLOW,Normal,1222,2956,DNS packet allowed,ESTABLISHED
2025-04-30 13:25:06,192.168.1.168,10.0.0.252,TCP,443.0,ALLOW,Normal,467,3671,Administrator login allowed,REJECTED
2025-04-30 14:28:55,192.168.1.113,10.0.0.158,UDP,67.0,DENY,Normal,3763,565,UDP packet from LAN dropped,IN_PROGRESS
2025-05-01 09:35:22,192.168.1.73,10.0.0.246,TCP,3389.0,DENY,Attack,6080,3079,Brute force login attempt,ESTABLISHED
2025-05-01 02:32:01,192.168.1.231,10.0.0.1,TCP,443.0,ALLOW,Normal,6663,547,Administrator login allowed,IN_PROGRESS
2025-04-30 12:31:19,192.168.1.87,10.0.0.1,IP,137.0,DENY,Attack,4904,4734,IP spoof dropped,REJECTED
2025-04-30 21:48:45,192.168.1.96,10.0.0.162,UDP,1900.0,DENY,Normal,4097,1701,Broadcast packet dropped,IN_PROGRESS
2025-05-01 08:49:01,192.168.1.102,10.0.0.121,ARP,0.0,DENY,Normal,4135,147,ARP timeout,ESTABLISHED
2025-04-30 13:06:14,192.168.1.195,10.0.0.185,UDP,67.0,DENY,Normal,2905,4464,UDP packet from LAN dropped,ESTABLISHED
2025-04-30 14:45:59,192.168.1.53,10.0.0.162,TCP,443.0,ALLOW,Normal,3378,1544,Administrator login allowed,ESTABLISHED
2025-05-01 03:39:09,192.168.1.128,10.0.0.150,UDP,1900.0,DENY,Normal,7847,657,Broadcast packet dropped,IN_PROGRESS
2025-04-30 15:00:08,192.168.1.251,10.0.0.56,TCP,22.0,DENY,Attack,4875,4583,Port scan detected,REJECTED
2025-05-01 08:09:06,192.168.1.117,10.0.0.49,UDP,67.0,DENY,Normal,3029,3003,UDP packet from LAN dropped,ESTABLISHED
2025-04-30 14:50:33,192.168.1.242,10.0.0.71,ARP,0.0,DENY,Normal,4114,1636,ARP timeout,IN_PROGRESS
2025-04-30 19:38:15,192.168.1.36,10.0.0.149,TCP,3389.0,DENY,Attack,5536,2987,Brute force login attempt,REJECTED
2025-04-30 17:57:25,192.168.1.215,10.0.0.174,TCP,22.0,DENY,Attack,3399,4882,Port scan detected,REJECTED
2025-04-30 11:48:09,192.168.1.135,10.0.0.19,UDP,1900.0,DENY,Normal,2000,4451,Broadcast packet dropped,REJECTED
2025-04-30 13:14:30,192.168.1.150,10.0.0.17,TCP,443.0,ALLOW,Normal,7252,2780,Administrator login allowed,ESTABLISHED
2025-05-01 10:39:19,192.168.1.36,10.0.0.231,UDP,53.0,ALLOW,Normal,5650,4900,DNS packet allowed,REJECTED
2025-05-01 09:38:52,192.168.1.22,10.0.0.202,UDP,53.0,ALLOW,Normal,3175,3096,DNS packet allowed,REJECTED
2025-05-01 04:14:13,192.168.1.205,10.0.0.192,IP,137.0,DENY,Attack,4798,3409,IP spoof dropped,REJECTED
2025-04-30 20:01:01,192.168.1.112,10.0.0.144,ARP,0.0,DENY,Normal,7526,3865,ARP timeout,REJECTED
2025-04-30 22:08:52,192.168.1.216,10.0.0.241,TCP,80.0,ALLOW,Normal,4513,4620,Web management request allowed,ESTABLISHED
2025-04-30 17:01:20,192.168.1.52,10.0.0.145,TCP,80.0,ALLOW,Normal,3819,1896,Web management request allowed,REJECTED
2025-04-30 17:10:20,192.168.1.105,10.0.0.178,ARP,0.0,DENY,Normal,4113,4435,ARP timeout,ESTABLISHED
2025-05-01 10:40:49,192.168.1.54,10.0.0.195,ARP,0.0,DENY,Normal,6826,2438,ARP timeout,REJECTED
2025-04-30 18:04:39,192.168.1.36,10.0.0.9,ARP,0.0,DENY,Normal,6634,1417,ARP timeout,ESTABLISHED
2025-04-30 22:45:22,192.168.1.181,10.0.0.123,UDP,53.0,ALLOW,Normal,4100,1506,DNS packet allowed,REJECTED
2025-05-01 07:25:25,192.168.1.37,10.0.0.220,IP,137.0,DENY,Attack,923,363,IP spoof dropped,IN_PROGRESS
2025-05-01 00:26:19,192.168.1.172,10.0.0.76,UDP,1900.0,DENY,Normal,3737,798,Broadcast packet dropped,ESTABLISHED
2025-05-01 02:23:10,192.168.1.97,10.0.0.175,ARP,0.0,DENY,Normal,5962,529,ARP timeout,IN_PROGRESS
2025-04-30 23:50:14,192.168.1.181,10.0.0.202,TCP,22.0,DENY,Attack,2224,1493,Port scan detected,IN_PROGRESS
2025-04-30 20:38:29,192.168.1.252,10.0.0.138,UDP,1900.0,DENY,Normal,2355,2445,Broadcast packet dropped,IN_PROGRESS
2025-05-01 09:42:26,192.168.1.240,10.0.0.132,UDP,53.0,ALLOW,Normal,3655,875,DNS packet allowed,IN_PROGRESS
2025-05-01 06:29:07,192.168.1.189,10.0.0.103,TCP,443.0,ALLOW,Normal,3285,3109,Administrator login allowed,IN_PROGRESS
2025-05-01 07:45:54,192.168.1.183,10.0.0.181,IP,137.0,DENY,Attack,926,4237,IP spoof dropped,ESTABLISHED
2025-05-01 07:07:23,192.168.1.83,10.0.0.3,TCP,80.0,ALLOW,Normal,2992,4233,Web management request allowed,IN_PROGRESS
2025-05-01 01:12:19,192.168.1.239,10.0.0.161,ARP,0.0,DENY,Normal,1269,1081,ARP timeout,REJECTED
2025-05-01 00:03:59,192.168.1.171,10.0.0.110,ARP,0.0,DENY,Normal,6392,2359,ARP timeout,IN_PROGRESS
2025-05-01 10:39:46,192.168.1.160,10.0.0.37,UDP,1900.0,DENY,Normal,2354,3247,Broadcast packet dropped,IN_PROGRESS
2025-04-30 12:54:57,192.168.1.31,10.0.0.211,TCP,80.0,ALLOW,Normal,5060,1965,Web management request allowed,IN_PROGRESS
2025-05-01 01:40:55,192.168.1.141,10.0.0.245,UDP,1900.0,DENY,Normal,4023,2227,Broadcast packet dropped,IN_PROGRESS
2025-04-30 15:47:20,192.168.1.103,10.0.0.127,IP,137.0,DENY,Attack,317,2192,IP spoof dropped,IN_PROGRESS
2025-05-01 00:12:35,192.168.1.21,10.0.0.55,IP,137.0,DENY,Attack,364,3502,IP spoof dropped,ESTABLISHED
2025-05-01 02:11:48,192.168.1.88,10.0.0.37,UDP,67.0,DENY,Normal,7441,1923,UDP packet from LAN dropped,IN_PROGRESS
2025-04-30 21:41:43,192.168.1.6,10.0.0.27,IP,0.0,DENY,Attack,5091,4578,Malformed or unhandled IP packet dropped,REJECTED
2025-04-30 17:30:14,192.168.1.115,10.0.0.15,TCP,22.0,DENY,Attack,7353,1216,Port scan detected,REJECTED
2025-04-30 14:49:06,192.168.1.235,10.0.0.170,IP,137.0,DENY,Attack,3467,2474,IP spoof dropped,REJECTED
2025-04-30 22:50:16,192.168.1.137,10.0.0.199,UDP,1900.0,DENY,Normal,947,1047,Broadcast packet dropped,REJECTED
2025-05-01 10:19:32,192.168.1.81,10.0.0.95,IP,137.0,DENY,Attack,692,242,IP spoof dropped,ESTABLISHED
2025-04-30 19:24:56,192.168.1.176,10.0.0.128,TCP,80.0,ALLOW,Normal,1576,2744,Web management request allowed,REJECTED
2025-04-30 23:24:13,192.168.1.140,10.0.0.215,ARP,0.0,DENY,Normal,805,2047,ARP timeout,REJECTED
2025-04-30 13:39:50,192.168.1.133,10.0.0.185,UDP,67.0,DENY,Normal,279,2238,UDP packet from LAN dropped,ESTABLISHED
2025-04-30 15:03:41,192.168.1.107,10.0.0.90,TCP,443.0,ALLOW,Normal,3445,825,Administrator login allowed,REJECTED
2025-05-01 07:21:12,192.168.1.165,10.0.0.205,UDP,67.0,DENY,Normal,7150,2326,UDP packet from LAN dropped,IN_PROGRESS
2025-05-01 09:32:13,192.168.1.222,10.0.0.102,TCP,443.0,ALLOW,Normal,3464,3761,Administrator login allowed,IN_PROGRESS
2025-04-30 17:23:51,192.168.1.187,10.0.0.245,UDP,53.0,ALLOW,Normal,1293,699,DNS packet allowed,REJECTED
2025-04-30 14:39:29,192.168.1.198,10.0.0.208,TCP,3389.0,DENY,Attack,4511,117,Brute force login attempt,IN_PROGRESS
2025-04-30 18:56:36,192.168.1.192,10.0.0.114,UDP,67.0,DENY,Normal,5404,3866,UDP packet from LAN dropped,ESTABLISHED
2025-04-30 23:41:08,192.168.1.175,10.0.0.241,UDP,53.0,ALLOW,Normal,4763,3346,DNS packet allowed,REJECTED
2025-04-30 17:28:04,192.168.1.208,10.0.0.175,IP,137.0,DENY,Attack,4160,2918,IP spoof dropped,ESTABLISHED
2025-05-01 03:32:00,192.168.1.237,10.0.0.234,TCP,443.0,ALLOW,Normal,3573,2688,Administrator login allowed,IN_PROGRESS
2025-05-01 09:19:37,192.168.1.239,10.0.0.85,ARP,0.0,DENY,Normal,5978,2330,ARP timeout,ESTABLISHED
2025-05-01 04:07:05,192.168.1.32,10.0.0.167,TCP,443.0,ALLOW,Normal,7742,1756,Administrator login allowed,IN_PROGRESS
2025-05-01 08:45:42,192.168.1.249,10.0.0.145,IP,0.0,DENY,Attack,3568,3010,Malformed or unhandled IP packet dropped,IN_PROGRESS
2025-04-30 11:49:49,192.168.1.14,10.0.0.35,ARP,0.0,DENY,Normal,7766,4062,ARP timeout,REJECTED
2025-04-30 14:25:40,192.168.1.65,10.0.0.203,UDP,1900.0,DENY,Normal,233,1659,Broadcast packet dropped,ESTABLISHED
2025-04-30 22:03:37,192.168.1.36,10.0.0.71,UDP,53.0,ALLOW,Normal,2594,419,DNS packet allowed,IN_PROGRESS
2025-04-30 22:00:57,192.168.1.142,10.0.0.185,UDP,1900.0,DENY,Normal,1323,4355,Broadcast packet dropped,REJECTED
2025-04-30 16:22:19,192.168.1.142,10.0.0.230,UDP,67.0,DENY,Normal,4517,2179,UDP packet from LAN dropped,REJECTED
2025-05-01 07:24:01,192.168.1.185,10.0.0.206,UDP,53.0,ALLOW,Normal,7971,1535,DNS packet allowed,IN_PROGRESS
2025-05-01 02:11:34,192.168.1.82,10.0.0.146,TCP,3389.0,DENY,Attack,272,1008,Brute force login attempt,IN_PROGRESS
2025-05-01 04:13:40,192.168.1.196,10.0.0.108,UDP,1900.0,DENY,Normal,1496,2359,Broadcast packet dropped,IN_PROGRESS
2025-04-30 15:23:49,192.168.1.125,10.0.0.95,UDP,53.0,ALLOW,Normal,7451,4372,DNS packet allowed,IN_PROGRESS
2025-04-30 22:21:26,192.168.1.28,10.0.0.127,TCP,443.0,ALLOW,Normal,4839,3302,Administrator login allowed,IN_PROGRESS
2025-04-30 12:29:48,192.168.1.196,10.0.0.183,UDP,67.0,DENY,Normal,371,3209,UDP packet from LAN dropped,IN_PROGRESS
2025-05-01 04:31:49,192.168.1.230,10.0.0.214,TCP,3389.0,DENY,Attack,7199,598,Brute force login attempt,ESTABLISHED
2025-04-30 17:58:22,192.168.1.34,10.0.0.206,IP,0.0,DENY,Attack,4906,3283,Malformed or unhandled IP packet dropped,IN_PROGRESS
